{"8": {"a": {"mcc": 0.8791291838034266, "dice": 0.9440029425599564, "time": 39.76518774032593}, "b": {"mcc": 0.7869582411749266, "dice": 0.8569022023767744, "time": 40.19892406463623}, "c": {"mcc": 0.9060472586708965, "dice": 0.9587126955741261, "time": 41.36263704299927}, "d": {"mcc": 0.9360609490992177, "dice": 0.9735054898388545, "time": 41.2027485370636}, "total_mcc": 3.5081956327484676, "total_dice": 3.7331233303497116, "total_time": 162.52949738502502}, "params": {"filter_raw_sinogram_with_a": 5.5, "use_tv_reg": 0.5, "use_autoencoder_reg": 0.05, "learning_rate": 0.001, "autoencoder_patch_size": 15, "num_iters": 800, "use_no_model": false, "p_loss": 1, "edge_pad_size": 0, "folder_prefix": "HPTuning", "trim_sinogram": true, "use_otsu": false, "use_bin_reg": 0, "use_tik_reg": 0, "autoencoder_path": "autoencoders/patch_autoencoder_P15_D3.pth", "filter_sinogram_of_predicted_image_with_a": 5.5, "autoencoder_reconstruction_stride": 15, "autoencoder_latent_vars": 3, "autoencoder_batch_size": 128, "shift_mask": true}}